City ID,City,Country,Lat,Lng,Max Temp,Humidity,Cloudiness,Wind Speed,Weather Description
0,Butaritari,KI,3.0707,172.7902,82.02,76,22,14.41,few clouds
1,Sao Domingos,BR,-13.3983,-46.3183,87.76,24,0,7.02,clear sky
2,Ushuaia,AR,-54.8,-68.3,37.06,75,75,12.66,broken clouds
3,Port Macquarie,AU,-31.4333,152.9167,48.88,85,66,8.68,broken clouds
4,Port Blair,IN,11.6667,92.75,77.04,94,75,2.3,mist
5,Busselton,AU,-33.65,115.3333,51.58,66,91,15.17,overcast clouds
6,Vanimo,PG,-2.6741,141.3028,77.5,91,56,4.09,broken clouds
7,Freeport,US,40.6576,-73.5832,99.28,38,0,10.36,clear sky
8,Airai,TL,-8.9266,125.4092,51.55,85,10,1.72,clear sky
9,Mayskiy,RU,47.6931,40.1025,63.81,63,65,7.47,light rain
10,Egvekinot,RU,66.3167,-179.1667,36.61,77,99,7.16,overcast clouds
11,Guerrero Negro,MX,27.9769,-114.0611,73.44,64,86,15.7,overcast clouds
12,Thunder Bay,CA,48.4001,-89.3168,70.45,59,90,5.53,overcast clouds
13,Vaini,TO,-21.2,-175.2,69.96,83,40,9.22,scattered clouds
14,Srednekolymsk,RU,67.45,153.6833,48.52,59,0,8.37,clear sky
15,Piacabucu,BR,-10.4056,-36.4344,78.76,73,49,11.83,scattered clouds
16,Iqaluit,CA,63.7506,-68.5145,45.7,93,100,4.0,overcast clouds
17,Porto Velho,BR,-8.7619,-63.9039,99.16,27,13,2.59,few clouds
18,Punta Arenas,CL,-53.15,-70.9167,39.31,56,0,9.22,clear sky
19,Pacific Grove,US,36.6177,-121.9166,67.21,88,75,10.0,broken clouds
20,Kapaa,US,22.0752,-159.319,80.58,76,40,12.66,scattered clouds
21,Adrar,MR,20.5022,-10.0711,102.04,20,82,7.67,broken clouds
22,Hobart,AU,-42.8794,147.3294,48.27,93,100,4.61,overcast clouds
23,San Patricio,US,28.017,-97.5169,95.54,42,82,16.49,broken clouds
24,Labuhan,ID,-6.8844,112.2051,76.21,85,78,6.64,broken clouds
25,Celestun,MX,20.8667,-90.4,88.63,59,100,9.66,overcast clouds
26,Carnarvon,AU,-24.8667,113.6333,66.07,69,19,21.97,few clouds
27,Jamestown,US,42.097,-79.2353,88.02,54,0,13.8,clear sky
28,Rikitea,PF,-23.1203,-134.9692,71.76,71,6,8.32,clear sky
29,Cape Town,ZA,-33.9258,18.4232,57.38,73,12,7.0,few clouds
30,New Norfolk,AU,-42.7826,147.0587,47.91,84,95,1.41,overcast clouds
31,Auki,SB,-8.7676,160.7034,76.68,89,31,3.78,scattered clouds
32,Puerto Ayora,EC,-0.7393,-90.3518,78.76,86,94,5.01,overcast clouds
33,Severo-Kurilsk,RU,50.6789,156.125,52.75,92,64,3.78,broken clouds
34,Albany,US,42.6001,-73.9662,94.62,39,0,1.01,clear sky
35,Mvomero,TZ,-6.25,38.6667,72.14,83,75,5.41,broken clouds
36,Nanortalik,GL,60.1432,-45.2371,45.21,88,67,9.26,broken clouds
37,Usinsk,RU,65.9939,57.5281,53.46,78,99,8.84,overcast clouds
38,Lodja,CD,-3.4833,23.4333,78.1,60,77,2.86,broken clouds
39,Mar Del Plata,AR,-38.0023,-57.5575,58.08,55,100,6.91,light intensity drizzle
40,Malatya,TR,38.5,38.0,75.25,24,0,25.32,clear sky
41,Lagoa,PT,39.05,-27.9833,73.31,85,19,8.86,few clouds
42,Alice Springs,AU,-23.7,133.8833,44.15,42,0,2.3,clear sky
43,Berbera,SO,10.4396,45.0143,95.27,35,38,17.38,scattered clouds
44,Arraial Do Cabo,BR,-22.9661,-42.0278,78.66,65,0,14.97,clear sky
45,Vestmannaeyjar,IS,63.4427,-20.2734,54.48,84,56,7.81,broken clouds
46,Atuona,PF,-9.8,-139.0333,77.04,79,32,18.19,light rain
47,Upernavik,GL,72.7868,-56.1549,43.21,96,100,5.61,overcast clouds
48,Bluff,NZ,-46.6,168.3333,32.81,79,22,5.99,few clouds
49,Pevek,RU,69.7008,170.3133,35.1,85,98,3.18,overcast clouds
50,Mataura,NZ,-46.1927,168.8643,32.49,89,84,2.57,broken clouds
51,Sibolga,ID,1.7427,98.7792,75.74,91,96,3.47,overcast clouds
52,Constitucion,CL,-35.3333,-72.4167,57.42,79,100,3.47,overcast clouds
53,Mizdah,LY,31.4451,12.9801,83.75,19,0,10.11,clear sky
54,Gizo,SB,-8.103,156.8419,81.5,76,11,9.15,few clouds
55,Norman Wells,CA,65.282,-126.8329,62.64,67,75,9.22,broken clouds
56,Port Alfred,ZA,-33.5906,26.891,54.18,84,97,5.99,overcast clouds
57,Kirillov,RU,59.863,38.3813,66.99,77,58,5.37,broken clouds
58,Beloha,MG,-25.1667,45.05,66.97,73,49,5.26,scattered clouds
59,Kimparana,ML,12.8347,-4.9244,77.56,78,90,11.63,moderate rain
60,Pisco,PE,-13.7,-76.2167,60.85,82,100,6.91,mist
61,Izmir,TR,38.4622,27.0923,90.91,22,0,18.41,clear sky
62,Rincon,US,32.296,-81.2354,91.36,52,75,0.0,broken clouds
63,Qaanaaq,GL,77.484,-69.3632,37.94,99,100,3.15,overcast clouds
64,Kudahuvadhoo,MV,2.6708,72.8944,82.99,72,98,11.79,overcast clouds
65,Bethel,US,41.3712,-73.414,94.35,46,0,6.91,clear sky
66,Menton,FR,43.7765,7.5044,89.11,79,52,5.59,broken clouds
67,Castro,BR,-24.7911,-50.0119,73.04,41,100,5.23,overcast clouds
68,Cedar City,US,37.6775,-113.0619,86.97,16,40,23.02,scattered clouds
69,Tarko-Sale,RU,64.9225,77.785,56.32,98,99,6.91,overcast clouds
70,Vestmanna,FO,62.1564,-7.1664,49.12,81,75,11.5,broken clouds
71,Bredasdorp,ZA,-34.5322,20.0403,50.74,73,69,5.03,broken clouds
72,Mareeba,AU,-17.0,145.4333,56.44,85,1,2.3,clear sky
73,Asau,RO,46.4333,26.4,81.52,60,69,2.19,broken clouds
74,Port Hardy,CA,50.6996,-127.4199,55.4,78,41,8.7,scattered clouds
75,Chokurdakh,RU,70.6333,147.9167,46.44,63,59,9.75,broken clouds
76,Yulara,AU,-25.2406,130.9889,58.87,37,0,6.38,clear sky
77,Esperance,AU,-33.8667,121.9,51.64,90,100,19.71,light rain
78,Gillette,US,44.2911,-105.5022,77.92,35,0,12.66,clear sky
79,Bontang,ID,0.1333,117.5,76.93,90,58,7.67,broken clouds
80,Kalmunai,LK,7.4167,81.8167,81.03,79,62,3.78,broken clouds
81,Vardo,NO,70.3705,31.1107,51.78,87,100,14.97,overcast clouds
82,Ponta Delgada,PT,37.7333,-25.6667,72.32,83,75,8.05,broken clouds
83,Minab,IR,27.1467,57.0801,93.9,53,79,2.46,broken clouds
84,Byron Bay,AU,-28.65,153.6167,55.71,85,52,10.87,broken clouds
85,Riverton,US,40.5219,-111.9391,95.18,29,0,3.0,clear sky
86,East London,ZA,-33.0153,27.9116,56.34,82,0,12.66,clear sky
87,Clyde River,CA,70.4692,-68.5914,48.36,69,35,4.21,scattered clouds
88,Polovinnoye,RU,54.7914,65.9864,56.59,77,39,3.76,scattered clouds
89,Chuy,UY,-33.6971,-53.4616,64.74,88,97,7.58,overcast clouds
90,Hilo,US,19.7297,-155.09,80.28,96,100,6.91,light rain
91,Saldanha,ZA,-33.0117,17.9442,55.71,67,0,19.44,clear sky
92,Yellowknife,CA,62.456,-114.3525,64.56,59,86,17.0,overcast clouds
93,Bengkulu,ID,-3.8004,102.2655,75.56,93,93,5.28,overcast clouds
94,Poum,NC,-20.2333,164.0167,74.93,80,7,11.86,clear sky
95,Vila Franca Do Campo,PT,37.7167,-25.4333,72.01,73,99,4.45,overcast clouds
96,Tasiilaq,GL,65.6145,-37.6368,41.16,76,100,0.87,overcast clouds
97,Turbat,PK,26.0023,63.044,84.24,75,78,11.68,moderate rain
98,Tubuala,PA,9.5167,-79.0333,82.26,75,99,3.76,overcast clouds
99,Lasa,IT,46.6166,10.7002,69.67,87,100,1.59,light rain
100,Chau Doc,VN,10.7,105.1167,78.15,89,100,4.38,moderate rain
101,Yumen,CN,40.2833,97.2,76.15,25,0,9.69,clear sky
102,Agadez,NE,19.75,10.25,99.25,16,50,8.79,scattered clouds
103,Lebu,CL,-37.6167,-73.65,53.71,91,100,5.53,overcast clouds
104,Avera,US,33.194,-82.5271,90.91,42,34,6.42,scattered clouds
105,Vila Velha,BR,-20.3297,-40.2925,80.55,68,20,13.8,few clouds
106,Hofn,IS,64.2539,-15.2082,53.02,82,37,3.27,scattered clouds
107,Nuuk,GL,64.1835,-51.7216,61.41,51,75,8.05,broken clouds
108,Antofagasta,CL,-23.65,-70.4,60.08,71,92,7.31,overcast clouds
109,Kieta,PG,-6.2167,155.6333,78.06,84,68,4.94,light rain
110,Fortuna Foothills,US,32.6578,-114.4119,104.22,32,0,16.11,clear sky
111,Port Lincoln,AU,-34.7333,135.8667,53.64,79,0,10.54,light rain
112,Longyearbyen,SJ,78.2186,15.6401,48.04,93,75,9.22,broken clouds
113,Talnakh,RU,69.4865,88.3972,69.21,65,68,7.94,broken clouds
114,Dagua,CO,3.6569,-76.6886,71.49,88,95,2.75,light rain
115,Touros,BR,-5.1989,-35.4608,81.79,71,99,18.61,overcast clouds
116,Xining,CN,36.6167,101.7667,56.16,57,1,2.08,clear sky
117,Mahebourg,MU,-20.4081,57.7,70.09,83,40,13.8,scattered clouds
118,Caconda,AO,-13.7333,15.0667,66.24,29,57,4.47,broken clouds
119,Tuktoyaktuk,CA,69.4541,-133.0374,41.5,96,100,15.12,light rain
120,Mount Gambier,AU,-37.8333,140.7667,49.91,100,100,11.5,mist
121,Saint-Philippe,RE,-21.3585,55.7679,69.39,85,72,13.94,light rain
122,Hithadhoo,MV,-0.6,73.0833,81.03,78,100,8.21,overcast clouds
123,Mollendo,PE,-17.0231,-72.0147,63.32,74,30,8.63,scattered clouds
124,Folkestone,GB,51.0833,1.1833,74.89,74,87,14.0,overcast clouds
125,Thompson,CA,55.7435,-97.8558,61.0,54,100,8.84,overcast clouds
126,Elesbao Veloso,BR,-6.2019,-42.1403,98.17,21,14,6.58,few clouds
127,Kodiak,US,57.79,-152.4072,51.31,82,100,0.0,overcast clouds
128,Vostok,RU,46.4856,135.8833,58.71,95,83,1.61,broken clouds
129,Provideniya,RU,64.3833,-173.3,44.1,83,98,7.7,overcast clouds
130,Sabya,SA,17.1495,42.6254,82.02,75,99,17.83,light rain
131,Charters Towers,AU,-20.1,146.2667,55.17,81,0,5.41,clear sky
132,Stornoway,GB,58.2093,-6.3865,59.94,95,100,9.22,overcast clouds
133,Taltal,CL,-25.4,-70.4833,61.48,72,72,4.38,broken clouds
134,Honiara,SB,-9.4333,159.95,76.15,88,39,4.14,scattered clouds
135,Cap Malheureux,MU,-19.9842,57.6142,68.47,75,15,5.01,few clouds
136,Kanashevo,RU,55.2169,62.0634,63.45,82,59,3.11,broken clouds
137,Ribeira Grande,PT,38.5167,-28.7,79.2,78,40,12.66,scattered clouds
138,Portree,GB,57.4129,-6.1942,60.53,96,100,8.19,overcast clouds
139,Hermanus,ZA,-34.4187,19.2345,48.79,67,47,6.53,scattered clouds
140,Maningrida,AU,-12.0667,134.2667,56.84,80,69,7.14,broken clouds
141,Victoria,HK,22.2855,114.1577,84.81,77,3,10.18,clear sky
142,Naze,JP,28.3667,129.4833,77.95,77,100,2.73,overcast clouds
143,Elizabeth City,US,36.2946,-76.2511,97.79,32,87,9.8,overcast clouds
144,Souillac,MU,-20.5167,57.5167,70.18,83,40,13.8,light rain
145,Havoysund,NO,70.9963,24.6622,50.63,93,100,18.5,overcast clouds
146,Namie,JP,37.4833,141.0,72.01,83,61,3.0,broken clouds
147,Ponta Do Sol,PT,32.6667,-17.1,80.71,74,35,4.52,scattered clouds
148,Batticaloa,LK,7.7102,81.6924,81.46,70,34,10.63,scattered clouds
149,Krasnoselkup,RU,65.7,82.4667,56.17,92,47,3.56,scattered clouds
150,Cabinda,AO,-5.55,12.2,71.11,86,47,7.56,scattered clouds
151,Sioux Lookout,CA,50.1001,-91.917,73.47,56,100,2.3,overcast clouds
152,Biak,ID,-0.9131,122.8766,74.91,86,62,4.9,broken clouds
153,Camacha,PT,33.0833,-16.3333,69.22,78,20,13.8,few clouds
154,Georgetown,MY,5.4112,100.3354,80.53,94,20,3.44,few clouds
155,Vadso,NO,70.0744,29.7487,58.08,71,75,12.66,broken clouds
156,Los Llanos De Aridane,ES,28.6585,-17.9182,71.35,83,75,10.36,broken clouds
157,Barrow,US,71.2906,-156.7887,35.62,93,100,11.5,mist
158,Mehamn,NO,71.0357,27.8492,51.75,93,82,13.8,drizzle
159,Loubomo,CG,-4.1997,12.6739,76.03,63,93,9.37,overcast clouds
160,Portland,US,45.5234,-122.6762,68.09,67,100,6.91,overcast clouds
161,Lompoc,US,34.6391,-120.4579,71.92,80,100,10.36,overcast clouds
162,Kupang,ID,-10.1667,123.5833,69.51,72,68,8.14,broken clouds
163,Codajas,BR,-3.8367,-62.0569,85.3,62,92,2.42,overcast clouds
164,Avarua,CK,-21.2078,-159.775,73.45,68,75,10.36,broken clouds
165,Husavik,IS,66.0449,-17.3389,50.45,81,67,6.67,broken clouds
166,Necochea,AR,-38.5473,-58.7368,61.9,63,100,5.82,overcast clouds
167,Brenham,US,30.1669,-96.3977,96.82,36,26,8.28,scattered clouds
168,Hohhot,CN,40.8106,111.6522,68.29,56,0,6.71,clear sky
169,Berlevag,NO,70.8578,29.0864,51.58,91,77,18.01,broken clouds
170,Saint George,US,37.1041,-113.5841,99.25,23,20,12.66,few clouds
171,Zemio,CF,5.0314,25.1361,70.59,94,77,1.74,broken clouds
172,Bud,US,39.447,-86.1758,89.2,55,56,9.73,broken clouds
173,Thomaston,US,32.8882,-84.3266,90.09,65,75,5.75,broken clouds
174,Rio Gallegos,AR,-51.6226,-69.2181,33.85,75,0,16.11,clear sky
175,Pitimbu,BR,-7.4706,-34.8086,82.99,78,80,17.16,broken clouds
176,Pokrovsk,UA,48.282,37.1758,67.24,64,80,5.66,broken clouds
177,Hobyo,SO,5.3505,48.5268,76.78,82,48,28.77,scattered clouds
178,Kismayo,SO,-0.3582,42.5454,75.9,82,10,19.73,clear sky
179,Douglas,US,41.3,-96.167,96.73,38,0,18.41,clear sky
180,Uni,RU,57.7535,51.4923,66.42,74,93,2.66,overcast clouds
181,Andenes,NO,69.3143,16.1194,50.94,87,100,10.36,overcast clouds
182,Jieshi,CN,22.8134,115.8257,84.24,82,8,8.72,clear sky
183,Atar,MR,20.5169,-13.0499,92.21,43,85,5.35,light rain
184,Verkhoyansk,RU,67.5447,133.385,58.6,89,61,3.49,light rain
185,Namibe,AO,-15.1961,12.1522,64.0,90,15,3.89,few clouds
186,Sirjan,IR,29.452,55.6814,79.56,41,25,11.14,scattered clouds
187,Dunedin,NZ,-45.8742,170.5036,42.8,69,0,11.01,clear sky
188,Nikolskoye,RU,59.7035,30.7861,71.49,96,94,4.05,light rain
189,Shizuishan,CN,39.2333,106.7694,77.04,43,2,11.16,clear sky
190,Kamaishi,JP,39.2667,141.8833,69.87,95,100,3.89,heavy intensity rain
191,Tiksi,RU,71.6872,128.8694,45.7,87,53,3.74,broken clouds
192,Saint-Paul,RE,-21.0096,55.2707,69.91,77,60,1.81,broken clouds
193,Port Arthur,CN,38.8,121.2667,77.92,41,0,2.62,clear sky
194,Mirnyy,RU,62.5353,113.9611,68.23,64,14,11.01,few clouds
195,Stokmarknes,NO,68.5646,14.9108,52.97,82,76,5.48,broken clouds
196,Medea,DZ,36.2642,2.7539,84.99,30,0,7.74,clear sky
197,Camana,PE,-16.6228,-72.7111,63.86,73,39,8.37,scattered clouds
198,Aswan,EG,24.0934,32.907,95.9,15,2,11.88,clear sky
199,Lavrentiya,RU,65.5833,-171.0,44.87,80,95,14.23,overcast clouds
200,Lata,PT,40.1629,-8.3327,81.07,33,0,7.63,clear sky
201,Quatre Cocos,MU,-20.2078,57.7625,69.91,75,47,17.98,light rain
202,Bartica,GY,6.4,-58.6167,80.92,92,53,4.5,broken clouds
203,Ancud,CL,-41.8697,-73.8203,47.23,89,100,4.27,light rain
204,San Andres Del Rabanedo,ES,42.6117,-5.6167,92.79,19,0,5.75,clear sky
205,Tessalit,ML,20.1986,1.0114,104.9,9,71,6.67,broken clouds
206,Laizhou,CN,37.1717,119.9214,70.57,90,0,1.61,clear sky
207,Sorland,NO,67.667,12.6934,53.46,85,88,9.71,overcast clouds
208,Itoman,JP,26.1247,127.6694,83.7,83,80,6.42,broken clouds
209,Silver City,US,32.7701,-108.2803,87.67,41,0,6.91,clear sky
210,Ketchikan,US,55.3422,-131.6461,57.76,90,100,3.29,overcast clouds
211,Birao,CF,10.2849,22.7882,74.89,87,62,4.92,broken clouds
212,Dikson,RU,73.5069,80.5464,54.09,71,85,10.78,overcast clouds
213,Nabire,ID,-3.3667,135.4833,74.68,94,98,4.29,overcast clouds
214,Bestobe,KZ,52.4994,73.0975,64.42,73,47,7.31,scattered clouds
215,Zapolyarnyy,RU,69.4154,30.8136,56.48,74,64,10.02,broken clouds
216,Narsaq,GL,60.9167,-46.05,59.22,68,79,8.16,broken clouds
217,Hami,CN,42.8,93.45,85.73,22,25,9.42,scattered clouds
218,Luderitz,NA,-26.6481,15.1594,62.58,60,0,26.4,clear sky
219,Morondava,MG,-20.2833,44.2833,73.0,75,0,9.91,clear sky
220,Bobrov,RU,51.0961,40.0333,62.73,87,72,8.16,light rain
221,Geraldton,AU,-28.7667,114.6,59.41,63,100,19.57,overcast clouds
222,Lamu,KE,-2.2717,40.902,75.42,79,9,17.2,clear sky
223,Kloulklubed,PW,7.0419,134.2556,77.5,77,100,12.17,overcast clouds
224,Namuac,PH,18.6109,121.1657,81.57,85,55,3.02,broken clouds
225,Zeya,RU,53.75,127.2667,62.71,68,4,3.53,clear sky
226,Nome,US,64.5011,-165.4064,48.27,87,100,12.66,moderate rain
227,Aracoiaba,BR,-4.3711,-38.8142,89.96,39,35,10.4,scattered clouds
228,Lingao,CN,19.9103,109.6859,81.01,83,1,3.13,clear sky
229,Chumikan,RU,54.7183,135.315,55.18,78,18,5.06,few clouds
230,Tilichiki,RU,60.4667,166.1,46.13,88,76,7.27,broken clouds
231,Qui Nhon,VN,13.7667,109.2333,77.65,85,30,5.17,scattered clouds
232,Flores,GT,16.9226,-89.8994,78.08,87,100,3.29,overcast clouds
233,Atbasar,KZ,51.8,68.3333,63.9,69,55,7.29,broken clouds
234,Kijang,KR,35.2442,129.2139,76.73,93,97,6.31,overcast clouds
235,Khatanga,RU,71.9667,102.5,46.0,90,53,13.29,broken clouds
236,Siocon,PH,7.7061,122.1353,78.71,86,91,4.05,overcast clouds
237,Kawalu,ID,-7.3817,108.2082,71.6,98,97,1.54,overcast clouds
238,Grindavik,IS,63.8424,-22.4338,55.35,82,75,13.8,broken clouds
239,Preobrazheniye,RU,42.9019,133.9064,62.38,96,100,6.22,overcast clouds
240,Sampit,ID,-2.5333,112.95,72.86,99,41,2.44,scattered clouds
241,Townsville,AU,-19.25,146.8,56.28,94,4,0.0,clear sky
242,Salgar,CO,5.965,-75.9654,76.41,70,100,1.28,overcast clouds
243,Richards Bay,ZA,-28.783,32.0377,67.44,80,3,6.53,clear sky
244,Yataity,PY,-26.3667,-56.0667,79.0,55,99,4.47,overcast clouds
245,Biltine,TD,14.5333,20.9167,88.74,42,40,6.31,scattered clouds
246,Van Wert,US,40.8695,-84.5841,81.21,66,0,5.99,clear sky
247,Buala,SB,-8.145,159.5921,78.48,83,9,3.58,clear sky
248,Trat,TH,12.5,102.5,80.91,87,100,0.69,overcast clouds
249,Mogadishu,SO,2.0371,45.3438,76.21,84,41,20.0,scattered clouds
250,Canillo,AD,42.5833,1.6667,72.07,49,6,2.28,clear sky
251,Saskylakh,RU,71.9167,114.0833,48.72,93,92,0.98,overcast clouds
252,Komsomolskiy,UZ,40.4272,71.7189,88.52,35,1,6.91,clear sky
253,Salalah,OM,17.0151,54.0924,77.09,94,75,6.91,broken clouds
254,Kizhinga,RU,51.8462,109.9097,54.3,93,25,2.24,scattered clouds
255,Jumla,NP,29.2747,82.1838,63.27,98,96,1.61,overcast clouds
256,Tarata,BO,-17.6167,-66.0167,78.22,12,0,6.04,clear sky
257,Viedma,AR,-40.8135,-62.9967,56.21,48,100,5.75,light rain
258,Bambous Virieux,MU,-20.3428,57.7575,70.05,83,40,13.8,light rain
259,Svetlyy,RU,54.675,20.1347,66.96,87,96,8.52,overcast clouds
260,Bayonne,FR,43.3333,-1.4167,77.95,73,0,10.36,clear sky
261,Takoradi,GH,4.8845,-1.7554,77.13,73,92,10.11,overcast clouds
262,Beaverlodge,CA,55.2166,-119.4361,74.55,35,11,8.43,few clouds
263,Izhma,RU,65.0083,53.9113,56.82,62,17,2.66,few clouds
264,Dum Duma,IN,27.5667,95.5667,77.45,89,81,1.43,broken clouds
265,Kruisfontein,ZA,-34.0033,24.7314,51.89,75,72,16.46,light rain
266,Kungurtug,RU,50.5994,97.5228,44.96,93,77,0.83,broken clouds
267,Mount Isa,AU,-20.7333,139.5,44.37,70,0,1.14,clear sky
268,Appingedam,NL,53.3217,6.8583,63.82,68,7,5.17,clear sky
269,Ilulissat,GL,69.2167,-51.1,39.49,98,100,3.76,light rain
270,Fort Wellington,GY,6.4,-57.6,83.28,71,42,9.17,scattered clouds
271,Cockburn Town,TC,21.4612,-71.1419,85.96,62,40,12.66,scattered clouds
272,Pitelino,RU,54.5777,41.8145,66.67,71,58,3.15,broken clouds
273,Bilibino,RU,68.0546,166.4372,46.42,66,58,2.37,broken clouds
274,Bharwari,IN,25.55,81.5,89.4,60,99,11.25,overcast clouds
275,Vagur,FO,61.4732,-6.8119,50.65,84,100,20.24,overcast clouds
276,Manta,EC,-0.95,-80.7333,76.78,73,100,8.05,overcast clouds
277,Isangel,VU,-19.55,169.2667,75.43,88,89,10.0,overcast clouds
278,Sawakin,SD,19.1059,37.3321,92.66,44,85,6.98,overcast clouds
279,Bentiu,SS,9.2333,29.8333,72.86,94,99,3.8,moderate rain
280,Sept-Iles,CA,50.2001,-66.3821,70.05,72,19,8.01,few clouds
281,Laguna,US,38.421,-121.4238,90.97,48,0,5.75,clear sky
282,Cherskiy,RU,68.75,161.3,49.73,60,11,1.86,few clouds
283,Iquitos,PE,-3.7481,-73.2472,89.64,62,40,3.44,scattered clouds
284,Nyaunglebin,MM,17.95,96.7333,75.67,92,90,1.16,overcast clouds
285,Dudinka,RU,69.4058,86.1778,69.62,59,58,9.84,broken clouds
286,Ngunguru,NZ,-35.6167,174.5,57.11,78,100,21.61,heavy intensity rain
287,Chernigovka,RU,44.3389,132.5728,60.76,96,99,4.9,light rain
288,Tucurui,BR,-3.7661,-49.6725,91.69,36,70,4.81,broken clouds
289,Bhadrachalam,IN,17.6667,80.8833,75.43,94,100,3.56,light rain
290,Kaitangata,NZ,-46.2817,169.8464,33.71,90,5,3.31,clear sky
291,Mayumba,GA,-3.432,10.6554,69.73,87,66,5.57,broken clouds
292,Codrington,AU,-38.2667,141.9667,46.76,95,22,6.73,few clouds
293,Cayenne,GF,4.9333,-52.3333,87.84,5,75,8.05,broken clouds
294,Shar,KZ,49.5886,81.0453,67.44,45,6,7.83,clear sky
295,Susanville,US,40.4163,-120.653,82.11,20,0,5.75,clear sky
296,Sulina,RO,45.1559,29.6536,73.24,65,0,9.84,clear sky
297,Mountain Home,US,43.133,-115.6912,85.48,15,0,5.75,clear sky
298,Port Elizabeth,ZA,-33.918,25.5701,54.1,87,40,16.11,scattered clouds
299,Hoyanger,NO,61.2204,6.0749,65.66,80,99,6.85,overcast clouds
300,Banikoara,BJ,11.2985,2.4386,77.77,85,100,3.2,light rain
301,Chauny,FR,49.6151,3.2186,80.74,38,82,4.88,broken clouds
302,Zhezkazgan,KZ,47.8043,67.7144,79.34,25,80,15.99,broken clouds
303,Broome,US,42.2506,-75.833,93.47,41,0,11.5,clear sky
304,Turiacu,BR,-1.6633,-45.3717,81.97,73,100,5.28,overcast clouds
305,Saint-Joseph,RE,-21.3667,55.6167,68.38,82,61,13.49,light rain
306,Santa Cruz,BO,-17.8,-63.1667,87.26,51,75,23.02,broken clouds
307,Gobabis,NA,-22.45,18.9667,65.07,26,42,8.75,scattered clouds
308,Gornopravdinsk,RU,60.05,69.9,52.23,77,96,4.54,overcast clouds
309,Bogatyye Saby,RU,56.0102,50.4483,69.24,70,100,2.13,overcast clouds
310,Haines Junction,CA,60.7522,-137.5108,58.95,47,100,4.61,overcast clouds
311,Leningradskiy,RU,69.3833,178.4167,34.38,91,99,10.8,overcast clouds
312,Vizinga,RU,61.0749,50.1031,65.37,86,52,3.53,broken clouds
313,Saint-Augustin,CA,51.226,-58.6502,66.47,84,98,11.16,overcast clouds
314,Bousse,BF,12.6606,-1.8922,84.34,64,84,8.95,broken clouds
315,Catamarca,AR,-28.4696,-65.7852,85.59,39,88,3.0,overcast clouds
316,Mandera,KE,3.9366,41.867,85.91,33,81,12.33,broken clouds
317,Jurado,CO,7.1053,-77.7641,81.21,79,76,5.55,light rain
318,Yacuiba,BO,-22.038,-63.6797,85.12,36,41,6.13,scattered clouds
319,Belmonte,BR,-15.8631,-38.8828,74.55,84,51,9.24,broken clouds
320,Torbay,CA,47.6666,-52.7314,79.29,90,94,3.65,overcast clouds
321,Port Jervis,US,41.3751,-74.6927,93.63,25,26,4.97,scattered clouds
322,Santa Helena De Goias,BR,-17.8136,-50.5969,86.5,23,0,5.79,clear sky
323,San Lawrenz,MT,36.0553,14.204,80.55,75,0,8.93,clear sky
324,Sitka,US,57.0531,-135.33,55.29,88,100,3.44,mist
325,Coihaique,CL,-45.5752,-72.0662,32.61,74,75,4.61,broken clouds
326,Verkhnevilyuysk,RU,63.4453,120.3167,59.79,85,3,3.8,clear sky
327,Horn,DE,51.8715,8.9451,67.98,57,38,4.7,scattered clouds
328,Manaus,BR,-3.1019,-60.025,90.1,66,75,8.05,broken clouds
329,Riofrio,CO,4.1571,-76.2885,76.28,77,77,2.26,broken clouds
330,Yatou,CN,37.15,122.3833,70.68,94,15,9.13,few clouds
331,Cairns,AU,-16.9167,145.7667,61.07,86,40,10.36,scattered clouds
332,Hamilton,US,39.1834,-84.5333,85.05,57,0,10.36,clear sky
333,Russell,US,32.3502,-85.1999,92.97,66,20,5.75,few clouds
334,Wad Madani,SD,14.4012,33.5199,99.54,26,60,7.7,broken clouds
335,Hirara,JP,24.8,125.2833,84.63,80,94,12.41,overcast clouds
336,Camopi,GF,3.1655,-52.3158,83.59,72,65,2.51,broken clouds
337,Kuminskiy,RU,58.6667,66.5667,55.96,77,91,3.04,overcast clouds
338,Bambanglipuro,ID,-7.95,110.2833,75.54,88,91,9.28,overcast clouds
339,Venezuela,VE,8.0,-66.0,88.88,50,36,13.65,scattered clouds
340,South Lake Tahoe,US,38.9332,-119.9844,83.25,19,0,16.11,clear sky
341,Kahului,US,20.8947,-156.47,80.62,70,40,12.66,scattered clouds
342,Elk Point,US,42.6833,-96.6836,108.84,18,50,23.64,scattered clouds
343,San Quintin,MX,30.4833,-115.95,70.5,67,100,8.46,overcast clouds
344,Shreveport,US,32.5251,-93.7502,94.24,53,75,8.05,broken clouds
345,Bathsheba,BB,13.2167,-59.5167,88.41,79,40,14.97,scattered clouds
346,Wejherowo,PL,54.6057,18.2356,68.9,70,83,1.99,broken clouds
347,Krasnyy Kholm,RU,58.0607,37.1203,67.96,69,6,6.15,clear sky
348,Bakaly,RU,55.1789,53.8028,68.47,71,96,2.93,overcast clouds
349,Mayo,US,38.8876,-76.5119,98.2,56,0,9.22,clear sky
350,Topolobampo,MX,25.6,-109.05,91.31,55,75,13.8,broken clouds
351,Suleya,RU,55.1352,58.8792,60.31,86,49,1.34,scattered clouds
352,Korla,CN,41.7597,86.1469,89.55,16,0,4.88,clear sky
353,Tarnogskiy Gorodok,RU,60.4997,43.5761,68.23,78,15,6.33,few clouds
354,Shibetsu,JP,43.659,145.132,59.97,97,100,8.08,overcast clouds
355,Maracacume,BR,-2.0428,-45.9592,85.42,60,87,1.86,overcast clouds
356,Nuqui,CO,5.7125,-77.2708,80.69,80,55,7.52,light rain
357,Uvira,CD,-3.4067,29.1458,76.44,63,38,5.91,scattered clouds
358,Faya,SA,18.3851,42.4509,67.28,63,97,2.24,light rain
359,Biga,TR,40.2281,27.2422,77.14,38,0,3.69,clear sky
360,Khani,GE,41.9563,42.9566,58.57,93,30,3.36,scattered clouds
361,Henties Bay,NA,-22.116,14.2845,56.37,86,1,7.52,clear sky
362,Marawi,PH,7.9986,124.2928,69.24,93,100,2.73,overcast clouds
363,Roald,NO,62.5833,6.1333,64.17,82,75,5.75,broken clouds
364,Bayan,CN,46.0833,127.4,64.53,87,100,9.04,overcast clouds
365,Pouembout,NC,-21.1333,164.9,70.74,94,10,4.5,clear sky
366,Shakhtinsk,KZ,49.71,72.5872,64.11,47,15,6.89,few clouds
367,Inuvik,CA,68.3499,-133.7218,54.46,94,100,8.05,light rain
368,Tuatapere,NZ,-46.1333,167.6833,40.46,92,96,0.87,light rain
369,Vitim,RU,59.4511,112.5578,69.69,77,3,3.8,clear sky
370,Alofi,NU,-19.0595,-169.9187,74.37,77,54,21.81,light rain
371,Dolores Hidalgo,MX,21.1561,-100.9308,76.01,37,14,3.8,few clouds
372,Hasaki,JP,35.7333,140.8333,73.8,85,71,11.05,broken clouds
373,Grand-Santi,GF,4.25,-54.3833,84.52,73,87,3.53,overcast clouds
374,Zaysan,KZ,47.4667,84.8667,67.55,39,98,6.11,overcast clouds
375,Shangrao,CN,28.4532,117.9686,80.87,70,5,2.93,clear sky
376,Ixtapa,MX,20.7,-105.2,90.23,62,40,3.44,scattered clouds
377,Tarnow,PL,50.0138,20.987,68.52,88,54,8.68,moderate rain
378,Nantucket,US,41.2835,-70.0995,89.74,63,0,14.97,clear sky
379,Acurenam,GQ,1.0322,10.6488,68.58,93,99,3.87,light rain
380,Arica,CL,-18.475,-70.3042,69.35,67,0,11.5,clear sky
381,Salekhard,RU,66.53,66.6019,51.17,73,16,6.42,few clouds
382,Cidreira,BR,-30.1811,-50.2056,64.9,92,92,11.23,overcast clouds
383,Broken Hill,AU,-31.95,141.4333,52.41,76,0,6.58,clear sky
384,Coquimbo,CL,-29.9533,-71.3436,55.13,82,100,3.44,overcast clouds
385,Puerto Cabello,VE,10.4731,-68.0125,92.75,83,21,10.4,few clouds
386,Diamantino,BR,-14.4086,-56.4461,96.62,18,2,4.61,clear sky
387,Meulaboh,ID,4.1363,96.1285,78.04,87,99,7.78,overcast clouds
388,Mahina,PF,-17.5065,-149.489,78.57,78,75,9.22,light rain
389,Kuala Terengganu,MY,5.3302,103.1408,78.75,94,20,0.0,few clouds
390,Kenai,US,60.5544,-151.2583,56.14,68,100,4.61,overcast clouds
391,Jizan,SA,17.3333,42.6667,81.54,72,98,15.82,light rain
392,Pachora,IN,20.6667,75.35,76.3,87,100,12.12,light rain
393,Panjakent,TJ,39.4952,67.6093,84.67,20,0,5.26,clear sky
394,Palmer,US,42.1584,-72.3287,94.21,39,40,10.36,scattered clouds
395,Caldas,CO,6.0911,-75.6357,73.4,78,75,2.3,broken clouds
396,Ryotsu,JP,38.0833,138.4333,71.37,88,82,1.57,broken clouds
397,Cabo San Lucas,MX,22.8909,-109.9124,81.7,81,100,0.0,overcast clouds
398,Dubai,AE,25.2582,55.3047,100.33,44,0,6.91,clear sky
399,Muvattupula,IN,9.9667,76.5833,74.21,95,62,0.36,heavy intensity rain
400,Wattegama,LK,6.7989,81.4808,76.6,82,71,3.94,broken clouds
401,Mitsamiouli,KM,-11.3847,43.2844,76.44,71,67,6.44,broken clouds
402,Jawhar,SO,2.7809,45.5005,74.05,82,69,16.82,broken clouds
403,Quelimane,MZ,-17.8786,36.8883,67.24,76,47,5.26,scattered clouds
404,Dvinskoy,RU,62.1535,45.1175,69.17,76,84,4.07,broken clouds
405,Tuensang,IN,26.2833,94.8333,69.98,99,99,3.04,overcast clouds
406,Jaciara,BR,-15.9653,-54.9683,95.25,18,1,2.35,clear sky
407,Tabou,CI,4.423,-7.3528,77.09,71,72,7.92,broken clouds
408,Libourne,FR,44.9167,-0.25,86.58,29,6,5.64,clear sky
409,Puerto Escondido,MX,15.85,-97.0667,85.03,74,40,10.36,scattered clouds
410,Ulaangom,MN,49.9811,92.0667,60.28,48,8,3.0,clear sky
411,Sao Filipe,CV,14.8961,-24.4956,77.38,85,75,6.89,light rain
412,Saint Anthony,US,45.0205,-93.218,74.8,78,75,17.27,broken clouds
413,Kulhudhuffushi,MV,6.6221,73.07,81.57,79,42,15.23,scattered clouds
414,Pavilosta,LV,56.8879,21.1859,64.31,75,99,12.84,overcast clouds
415,Znamenskoye,RU,57.1281,73.8282,53.71,85,94,5.48,overcast clouds
416,Senador Jose Porfirio,BR,-2.5908,-51.9542,89.85,43,39,2.66,scattered clouds
417,Aanekoski,FI,62.6946,25.818,57.72,94,100,5.14,overcast clouds
418,Asfi,MA,32.2994,-9.2372,77.04,75,99,13.58,overcast clouds
419,Kolomak,UA,49.8399,35.3044,67.48,75,74,6.35,broken clouds
420,Gerash,IR,27.6652,54.1371,91.54,26,92,0.49,overcast clouds
421,Makakilo City,US,21.3469,-158.0858,80.92,64,0,13.8,clear sky
422,Capim Grosso,BR,-11.3811,-40.0128,84.45,36,67,11.54,broken clouds
423,Vilhena,BR,-12.7406,-60.1458,92.7,19,2,3.29,clear sky
424,La Ronge,CA,55.1001,-105.2842,59.25,88,100,8.05,overcast clouds
425,Olafsvik,IS,64.8945,-23.7142,52.79,78,91,10.13,overcast clouds
426,Ahipara,NZ,-35.1667,173.1667,55.45,84,100,15.01,light rain
427,Flinders,AU,-34.5833,150.8552,49.24,92,15,5.01,few clouds
428,Praia Da Vitoria,PT,38.7333,-27.0667,73.96,82,82,3.74,broken clouds
429,San Policarpo,PH,12.1791,125.5072,80.33,83,95,2.44,overcast clouds
430,Bor,RU,56.3567,44.0669,67.42,75,62,4.41,broken clouds
431,Okhotsk,RU,59.3833,143.3,58.41,96,100,5.35,overcast clouds
432,Champerico,GT,14.3,-91.9167,82.47,74,79,6.35,broken clouds
433,Beira,MZ,-19.8436,34.8389,68.54,80,0,8.25,clear sky
434,Marquette,US,46.5333,-87.6335,80.78,68,52,1.92,broken clouds
435,Cristalina,BR,-16.7686,-47.6136,77.11,28,1,6.89,clear sky
436,Irbeyskoye,RU,55.6428,95.4522,52.65,95,8,5.53,clear sky
437,Palauig,PH,15.435,119.9045,81.93,80,100,6.15,overcast clouds
438,Andra,RU,62.5147,65.8878,51.12,72,38,6.91,scattered clouds
439,Bulgan,MN,48.8125,103.5347,53.46,92,82,1.23,broken clouds
440,Zelenoborsk,RU,61.4669,64.0333,55.27,56,97,3.62,overcast clouds
441,Grand Gaube,MU,-20.0064,57.6608,70.2,75,18,5.99,few clouds
442,Seoul,KR,37.5683,126.9778,72.97,94,100,5.75,overcast clouds
443,Klaksvik,FO,62.2266,-6.589,50.92,87,98,15.41,overcast clouds
444,Vao,NC,-22.6667,167.4833,74.5,86,57,21.14,broken clouds
445,Kang,BW,-23.6752,22.7876,68.14,28,86,2.1,overcast clouds
446,Virden,US,39.5009,-89.7679,95.05,66,14,11.43,few clouds
447,Mulege,MX,26.8833,-111.9833,94.98,46,85,10.29,overcast clouds
448,Port Augusta,AU,-32.5,137.7667,49.53,66,0,4.81,clear sky
449,Kadipur,IN,26.1667,82.3833,88.09,62,97,12.17,overcast clouds
450,Buza,RO,46.9,24.15,83.07,25,52,2.08,broken clouds
451,Kaiyuan,CN,23.6977,103.3037,65.43,95,27,4.07,scattered clouds
452,Paramonga,PE,-10.6667,-77.8333,66.15,76,85,8.93,overcast clouds
453,Guayaramerin,BO,-10.8368,-65.3614,97.34,29,17,1.1,few clouds
454,Northam,GB,51.0333,-4.2167,68.4,88,100,17.9,overcast clouds
455,Baoqing,CN,46.3317,132.2111,64.08,95,69,1.66,broken clouds
456,Awjilah,LY,29.1081,21.2869,91.47,20,0,8.68,clear sky
457,Chunskiy,RU,56.0815,99.6342,55.65,96,88,4.38,overcast clouds
458,Nhulunbuy,AU,-12.2333,136.7667,66.81,94,36,0.0,scattered clouds
459,Wana,PK,32.2989,69.5725,72.84,84,82,3.15,broken clouds
460,Lorengau,PG,-2.0226,147.2712,81.34,80,8,6.69,clear sky
461,Itarema,BR,-2.9248,-39.9167,85.37,60,31,18.25,scattered clouds
462,Derzhavinsk,KZ,51.1,66.3167,68.97,54,69,6.85,broken clouds
463,Skjervoy,NO,70.0311,20.9714,53.6,87,100,17.85,overcast clouds
464,Kholodnyy,RU,62.7167,147.95,57.81,93,100,3.44,light rain
465,Mecca,SA,21.4267,39.8261,93.02,43,20,6.4,few clouds
466,Kurchum,KZ,48.5722,83.6542,65.34,51,47,6.53,scattered clouds
467,Balaipungut,ID,1.05,101.2833,73.72,98,88,1.66,overcast clouds
468,Sanchor,IN,24.7553,71.7722,80.53,88,100,5.5,overcast clouds
469,Seymchan,RU,62.8833,152.4333,55.42,61,98,4.5,overcast clouds
470,Nizhniy Baskunchak,RU,48.2198,46.8311,72.36,56,78,4.65,broken clouds
471,Ngaoundere,CM,7.3167,13.5833,65.19,96,100,2.95,light rain
472,Upata,VE,8.0086,-62.3989,86.2,56,49,2.95,scattered clouds
473,Takaka,NZ,-40.85,172.8,44.71,74,100,3.76,overcast clouds
474,San Ramon De La Nueva Oran,AR,-23.1322,-64.326,85.42,34,72,4.27,broken clouds
475,Dukat,RU,62.55,155.55,46.44,71,67,5.3,broken clouds
476,Baruun-Urt,MN,46.6806,113.2792,64.38,51,18,8.21,few clouds
477,Tazovskiy,RU,67.4667,78.7,56.75,95,85,8.48,overcast clouds
478,Nemuro,JP,43.3236,145.575,59.76,98,100,11.92,overcast clouds
479,Havre-Saint-Pierre,CA,50.2334,-63.5986,80.96,50,0,6.91,clear sky
480,Livingston,GB,55.9029,-3.5226,66.56,73,40,12.66,scattered clouds
481,Sarai Mir,IN,26.0167,82.9167,85.86,69,100,12.17,overcast clouds
482,Sobolevo,RU,54.4299,31.8996,65.97,83,0,4.59,clear sky
483,Chicama,PE,-7.8447,-79.1469,71.67,63,50,8.97,scattered clouds
484,Batagay-Alyta,RU,67.8006,130.4114,54.99,91,95,2.39,overcast clouds
485,Tancheng,CN,27.4375,115.4976,80.56,73,0,1.59,clear sky
486,Noumea,NC,-22.2763,166.4572,75.0,99,49,5.55,scattered clouds
487,Senanga,ZM,-16.1167,23.2667,66.34,31,54,6.58,broken clouds
488,Paamiut,GL,61.994,-49.6678,44.1,87,2,3.56,clear sky
489,Caravelas,BR,-17.7125,-39.2481,76.91,62,0,7.14,clear sky
490,Karratha,AU,-20.7377,116.8463,63.28,37,0,13.04,clear sky
491,Macapa,BR,0.0389,-51.0664,93.18,55,40,4.61,scattered clouds
492,Urucara,BR,-2.5364,-57.76,95.14,36,77,4.41,broken clouds
493,Slave Lake,CA,55.2834,-114.769,69.78,56,0,10.36,clear sky
494,San Carlos Del Zulia,VE,9.0,-71.9135,92.98,48,63,5.32,broken clouds
495,Atherton,GB,53.5237,-2.4935,69.3,79,100,4.0,overcast clouds
496,Langsa,ID,4.4683,97.9683,73.54,98,98,2.68,overcast clouds
497,Ust-Nera,RU,64.5667,143.2,61.27,90,88,5.93,overcast clouds
498,Oussouye,SN,12.485,-16.5469,80.78,78,95,10.04,light rain
499,Fukue,JP,32.6881,128.8419,78.71,84,90,12.17,overcast clouds
500,Murud,IN,18.3258,72.965,78.42,86,100,6.11,overcast clouds
501,Harper,LR,4.375,-7.7169,77.13,71,72,8.55,broken clouds
502,Cururupu,BR,-1.8283,-44.8683,88.63,51,92,5.95,overcast clouds
503,Kez,RU,57.8979,53.7152,64.2,85,63,4.74,broken clouds
504,Fortuna,US,40.5982,-124.1573,60.66,80,41,7.45,scattered clouds
505,Sur,OM,22.5667,59.5289,89.49,62,20,14.14,few clouds
506,Beringovskiy,RU,63.05,179.3167,44.22,82,100,15.08,overcast clouds
507,Saint-Denis,FR,48.9167,2.3333,81.21,36,72,5.82,broken clouds
508,Rio Grande,BR,-32.035,-52.0986,71.71,92,97,6.64,overcast clouds
509,Harrison,US,30.4091,-89.0436,93.22,60,0,5.75,clear sky
510,Ossora,RU,59.2353,163.0719,48.24,80,2,9.06,clear sky
511,Tomatlan,MX,19.9333,-105.25,90.63,55,100,6.02,overcast clouds
512,Buraydah,SA,26.326,43.975,99.05,9,24,7.49,few clouds
513,Cacoal,BR,-11.4386,-61.4472,99.79,17,4,3.65,clear sky
514,Port Moresby,PG,-9.4431,147.1797,75.16,92,94,9.06,overcast clouds
515,Paita,PE,-5.0892,-81.1144,70.84,70,13,11.43,few clouds
516,Belyy Yar,RU,53.6039,91.3903,56.86,100,0,4.47,clear sky
517,Rosa Zarate,EC,0.3333,-79.4667,80.04,71,95,3.87,overcast clouds
518,Pimenta Bueno,BR,-11.6725,-61.1936,100.27,17,6,2.77,clear sky
519,Ambilobe,MG,-13.2,49.05,67.66,81,58,3.6,broken clouds
520,Chapais,CA,49.7834,-74.8492,71.38,80,100,11.34,overcast clouds
521,Bandarbeyla,SO,9.4942,50.8122,76.46,84,42,30.6,scattered clouds
522,Yeppoon,AU,-23.1333,150.7333,56.98,85,0,7.25,clear sky
523,Rocha,UY,-34.4833,-54.3333,64.38,86,94,8.23,overcast clouds
524,Raudeberg,NO,61.9875,5.1352,59.67,82,100,3.0,overcast clouds
525,Ojinaga,MX,29.5667,-104.4167,96.42,34,0,9.22,clear sky
526,Sunyani,GH,7.3399,-2.3268,71.2,94,100,0.98,overcast clouds
527,Mongoumba,CF,3.6415,18.5936,72.23,93,39,1.36,scattered clouds
528,Rennes,FR,48.1667,-1.6667,80.64,39,0,4.61,clear sky
529,Zarand,IR,30.8127,56.564,85.86,11,0,5.46,clear sky
530,North Bend,US,43.4065,-124.2243,63.16,88,100,18.41,overcast clouds
531,Sunland Park,US,31.7965,-106.58,94.93,32,0,6.91,clear sky
532,Chiredzi,ZW,-21.05,31.6667,66.81,46,0,4.41,clear sky
533,Khonsa,IN,27.0167,95.5667,69.19,91,94,4.14,overcast clouds
534,Kallidaikurichchi,IN,8.6667,77.4833,79.07,76,56,9.93,broken clouds
535,Abapo,BO,-18.8333,-63.4667,85.84,32,64,5.73,broken clouds
536,Kununurra,AU,-15.7667,128.7333,49.98,87,39,0.0,scattered clouds
537,Lacombe,CA,52.4668,-113.7353,71.33,76,35,7.83,scattered clouds
538,Man,CI,7.4125,-7.5538,76.1,78,99,0.69,overcast clouds
539,Kazachinskoye,RU,57.6953,93.2761,52.02,97,18,4.05,few clouds
540,Kavaratti,IN,10.5669,72.642,81.25,79,100,17.45,overcast clouds
541,Katsuura,JP,35.1333,140.3,77.79,84,95,15.82,overcast clouds
542,Novikovo,RU,51.1537,37.8879,62.51,90,68,3.85,light rain
543,Matay,EG,28.419,30.7792,91.56,20,3,9.01,clear sky
544,Palu,ID,-0.8917,119.8707,75.16,95,76,3.27,broken clouds
545,Voka,EE,59.3997,27.5817,67.37,76,33,8.61,scattered clouds
546,Monticello,US,45.3055,-93.7941,70.14,83,20,5.75,light rain
547,Houma,US,29.5958,-90.7195,91.4,61,40,5.99,scattered clouds
548,Leeton,AU,-34.5667,146.4,51.71,72,92,5.93,overcast clouds
549,Kalvarija,LT,54.4,23.2333,68.68,87,86,4.14,overcast clouds
550,Purpe,RU,64.4803,76.6897,54.54,98,99,6.08,overcast clouds
551,Billings,US,45.7833,-108.5007,82.29,36,20,8.99,few clouds
552,Plaisance-Du-Touch,FR,43.5657,1.2975,86.0,26,1,7.54,clear sky
553,Bomet,KE,-0.7813,35.3416,57.31,85,86,3.33,overcast clouds
554,Dingle,PH,10.9995,122.6711,77.88,89,87,1.74,overcast clouds
555,Flin Flon,CA,54.7682,-101.865,58.84,77,75,9.22,broken clouds
556,Floro,NO,61.5996,5.0328,66.24,67,100,16.11,overcast clouds
557,Owando,CG,-0.4819,15.8999,74.57,88,94,3.15,light rain
558,Wewak,PG,-3.5534,143.6268,79.63,84,23,4.97,few clouds
559,Anahuac,MX,27.2333,-100.15,96.01,35,64,17.58,broken clouds
560,Yumbe,UG,3.4651,31.2469,68.67,70,8,3.36,light rain
561,Santa Cruz De Tenerife,ES,28.4682,-16.2546,91.0,42,20,8.05,few clouds
562,Braila,RO,45.2667,27.9833,84.27,26,0,4.94,clear sky
563,Segezha,RU,63.7415,34.3222,59.54,97,100,4.0,heavy intensity rain
564,Olinda,BR,-8.0089,-34.8553,78.53,76,67,15.23,broken clouds
565,Bongandanga,CD,1.5,21.05,71.17,92,75,0.87,light rain
566,Rocky Mountain House,CA,52.3668,-114.9188,68.0,68,25,6.73,scattered clouds
567,Riyadh,SA,24.6877,46.7219,100.54,11,92,9.64,overcast clouds
568,Severo-Yeniseyskiy,RU,60.3725,93.0408,49.8,93,100,8.63,overcast clouds
569,Eureka,US,40.8021,-124.1637,60.93,82,45,1.99,scattered clouds
570,Half Moon Bay,US,37.4636,-122.4286,76.87,74,75,13.8,mist
571,Impfondo,CG,1.6381,18.0667,73.65,86,76,2.06,broken clouds
572,Kidal,ML,18.4411,1.4078,98.29,23,83,8.63,broken clouds
573,Mamlyutka,KZ,54.9375,68.5394,56.08,81,54,7.56,broken clouds
574,Agadir,MA,30.4202,-9.5982,88.25,46,92,8.46,overcast clouds
575,Darnah,LY,32.767,22.6367,78.98,68,0,17.87,clear sky
576,Eregli,TR,37.5133,34.0467,72.41,34,0,5.48,clear sky
577,Colares,PT,38.7992,-9.4469,89.28,51,0,16.11,clear sky
578,Kargopol,RU,61.5071,38.9456,67.84,70,30,5.77,scattered clouds
579,Casma,CL,-41.0082,-73.1244,50.74,89,77,5.55,broken clouds
580,Hovd,MN,48.0056,91.6419,62.37,47,30,1.99,scattered clouds
581,Marsa Matruh,EG,31.3525,27.2453,78.91,74,1,10.54,clear sky
582,Tumarbong,PH,10.3766,119.4579,79.56,85,93,1.59,overcast clouds
583,Kavieng,PG,-2.5744,150.7967,82.33,74,4,12.71,clear sky
584,Mana,GF,5.6592,-53.7767,83.07,73,39,9.37,scattered clouds
585,Zhigansk,RU,66.7697,123.3711,48.45,95,15,6.55,few clouds
586,Agropoli,IT,40.3469,14.9966,83.08,75,0,3.36,clear sky
587,Mason City,US,43.1536,-93.201,84.45,65,0,11.5,clear sky
588,Kosh-Agach,RU,50.0,88.6667,48.78,66,48,3.6,scattered clouds
589,Thomastown,IE,52.5267,-7.1372,67.51,92,100,15.37,overcast clouds
590,San Nicolas,PH,18.1725,120.5953,81.66,84,67,2.91,broken clouds
591,Ialibu,PG,-6.2821,143.9935,56.23,97,80,1.34,broken clouds
592,Gamba,GA,-2.65,10.0,69.96,84,64,8.16,broken clouds
593,Solnechnyy,RU,50.7214,136.6319,56.91,92,43,3.74,scattered clouds
594,Teguise,ES,29.0605,-13.564,73.62,83,100,3.44,overcast clouds
595,Hoi An,VN,15.8794,108.335,80.56,86,0,6.15,clear sky
596,San Rafael,AR,-34.6177,-68.3301,69.87,15,14,3.91,few clouds
597,Aykhal,RU,66.0,111.5,61.5,68,99,7.25,overcast clouds
598,Melendugno,IT,40.2747,18.3368,89.69,37,0,8.05,clear sky
599,Mwene-Ditu,CD,-7.0,23.45,77.67,31,36,3.74,scattered clouds
600,Sao Francisco,BR,-15.9486,-44.8644,88.32,24,0,6.49,clear sky
601,Umm Kaddadah,SD,13.6017,26.6876,93.94,31,20,9.64,few clouds
602,Oktyabrskoye,RU,43.0645,44.7417,62.74,93,78,6.71,light intensity drizzle
603,Kerman,IR,30.2832,57.0788,89.46,12,40,4.61,scattered clouds
604,Ekhabi,RU,53.5102,142.9671,53.22,93,99,7.87,overcast clouds
605,Ranong,TH,9.9658,98.6348,78.19,87,98,3.62,overcast clouds
606,Chipinge,ZW,-20.1883,32.6236,55.92,65,50,4.03,scattered clouds
607,Japura,ID,-0.3167,102.35,74.34,98,93,1.21,overcast clouds
608,Najran,SA,17.4924,44.1277,79.99,54,83,3.89,broken clouds
609,Xaghra,MT,36.05,14.2644,80.51,75,0,9.13,clear sky
610,Pauini,BR,-7.7136,-66.9764,91.18,46,36,2.86,scattered clouds
611,Bad Ems,DE,50.3333,7.7167,78.22,58,73,2.8,broken clouds
612,Guilin,CN,25.2819,110.2864,77.72,86,0,0.2,clear sky
613,Calabozo,VE,8.9242,-67.4293,91.26,42,10,6.58,clear sky
614,Padang,ID,-0.9492,100.3543,77.77,87,99,4.76,overcast clouds
615,Barcelos,PT,41.5388,-8.6151,79.79,44,1,6.42,clear sky
616,Turinskaya Sloboda,RU,57.6232,64.3858,60.19,65,63,3.56,broken clouds
617,Carballo,ES,43.213,-8.691,80.02,71,6,6.93,clear sky
618,Heishan,CN,41.6892,122.1128,65.48,97,24,2.44,few clouds
619,Djenne,ML,13.9061,-4.5533,84.85,56,97,7.81,overcast clouds
620,Tari,NG,12.4086,4.4914,86.18,57,96,8.32,overcast clouds
621,Jalu,LY,29.0331,21.5482,91.24,19,0,8.99,clear sky
622,Pangody,RU,65.85,74.4859,52.36,87,100,18.21,overcast clouds
623,Saint-Pierre,RE,-21.3393,55.4781,69.48,78,75,23.02,broken clouds
624,Mitchell,US,43.7094,-98.0298,87.78,51,0,10.36,clear sky
625,Mezen,RU,65.8522,44.24,57.97,69,91,6.02,overcast clouds
626,Fantanele,RO,46.1167,21.4,92.91,26,0,5.75,clear sky
627,Te Anau,NZ,-45.4167,167.7167,37.18,94,94,0.81,overcast clouds
628,Baculin,PH,7.4525,126.5842,77.59,88,94,5.53,light rain
629,Nyurba,RU,63.2842,118.3319,61.3,86,1,6.49,clear sky
630,Kurilsk,RU,45.2333,147.8833,55.42,97,100,17.27,heavy intensity rain
631,Ekimchan,RU,53.0667,132.9667,56.12,93,1,2.24,clear sky
632,Taguatinga,BR,-12.3857,-46.5711,92.95,20,0,6.42,clear sky
633,Sangueya,GN,10.7,-14.3667,76.87,90,100,4.41,overcast clouds
634,Vrangel,RU,42.7297,133.0839,62.91,95,100,8.99,overcast clouds
635,Zirgan,RU,53.2222,55.9185,64.85,83,1,6.89,clear sky
636,Samana,DO,19.2056,-69.3369,89.82,66,20,13.8,few clouds
637,Acapulco,MX,16.8634,-99.8901,85.82,74,75,5.75,broken clouds
638,Horta,PT,38.5333,-28.6333,78.44,78,40,12.66,scattered clouds
639,Gorontalo,ID,0.5412,123.0595,74.8,94,39,4.29,scattered clouds
640,Ishigaki,JP,24.3448,124.1572,82.53,94,40,8.05,scattered clouds
641,Melioratorov,RU,57.2107,65.6077,64.78,59,0,8.95,clear sky
642,Koprivstica,RS,43.2349,22.6205,81.86,32,3,3.56,clear sky
643,Bosanska Kostajnica,HR,45.2159,16.5444,84.67,43,66,4.07,broken clouds
644,Kargasok,RU,59.0556,80.8572,55.2,67,86,5.46,overcast clouds
645,Luanda,AO,-8.8368,13.2343,69.26,89,98,8.28,overcast clouds
646,Goure,NE,13.9835,10.2704,86.02,36,71,6.73,broken clouds
647,Uzhhorod,UA,48.6167,22.3,82.38,34,64,4.16,broken clouds
648,Priekule,LV,56.4468,21.5897,63.72,78,80,7.72,broken clouds
649,Sarangpur,IN,23.5667,76.4667,75.85,95,100,10.29,light rain
650,Papara,BR,-3.9839,-38.7273,88.84,39,21,10.31,few clouds
651,Gazanjyk,TM,39.2446,55.5154,83.5,49,3,15.57,clear sky
652,Paka,MY,4.6374,103.4368,79.18,85,91,4.34,overcast clouds
653,Salta,AR,-24.7859,-65.4117,76.57,47,0,6.91,clear sky
654,Murgab,TM,37.4966,61.9714,91.27,33,0,6.91,clear sky
655,Astara,AZ,38.5,48.6667,71.58,83,11,2.86,few clouds
656,Beroroha,MG,-21.6667,45.1667,69.13,46,17,2.3,few clouds
657,Yar-Sale,RU,66.8333,70.8333,50.29,79,88,15.82,overcast clouds
658,Tigil,RU,57.8,158.6667,48.02,70,27,1.77,scattered clouds
659,Bang Saphan,TH,11.2126,99.5117,76.24,92,100,4.21,overcast clouds
660,Yangambi,CD,0.8102,24.4336,74.5,80,95,1.41,overcast clouds
661,Nieuw Amsterdam,SR,5.8833,-55.0833,91.56,78,20,4.61,light intensity shower rain
662,Aketi,CD,2.7388,23.7833,74.03,81,50,0.54,scattered clouds
663,Senneterre,CA,48.3835,-77.2328,74.86,49,80,9.84,broken clouds
664,San Jose,US,37.3394,-121.895,81.54,51,20,5.75,few clouds
665,Krasnokamensk,RU,50.0979,118.0369,61.83,96,99,3.38,moderate rain
666,Mandalgovi,MN,45.7625,106.2708,63.81,53,70,7.16,broken clouds
667,Kirakira,SB,-10.4544,161.9205,77.25,85,14,5.17,few clouds
668,Prince Rupert,CA,54.3161,-130.3201,57.29,85,100,5.75,overcast clouds
669,Banda Aceh,ID,5.5577,95.3222,78.49,85,77,4.25,broken clouds
670,Shieli,KZ,44.1667,66.75,93.36,19,27,16.02,scattered clouds
671,Santa Isabel Do Rio Negro,BR,-0.4139,-65.0192,80.4,91,95,1.52,overcast clouds
672,Nabannagan,PH,18.0715,121.5338,76.78,95,57,1.5,broken clouds
673,Martinsville,US,36.6915,-79.8725,94.17,48,0,4.61,clear sky
674,Tres Picos,MX,15.8667,-93.5333,79.86,83,100,3.74,overcast clouds
675,Pangnirtung,CA,66.1451,-65.7125,44.6,93,20,13.8,mist
676,Sao Caetano De Odivelas,BR,-0.75,-48.02,81.82,76,83,8.3,broken clouds
677,San Simon De La Laguna,MX,19.3,-100.0833,62.8,74,96,3.65,overcast clouds
678,Nagato,JP,34.3833,131.2,74.62,75,100,3.44,overcast clouds
679,Pyshchug,RU,58.8873,45.7134,67.62,76,11,4.47,few clouds
680,Rochefort,FR,45.9167,-1.0,69.85,75,8,8.01,clear sky
681,Dawlatabad,AF,36.4141,64.9053,95.52,17,0,18.05,clear sky
682,Petatlan,MX,17.5167,-101.2667,91.2,56,100,2.91,overcast clouds
683,Szczytno,PL,53.5626,20.9875,64.54,97,99,4.68,overcast clouds
684,Deputatskiy,RU,69.3,139.9,48.47,71,88,4.23,overcast clouds
685,Arandis,NA,-22.4167,14.9667,63.63,45,0,3.51,clear sky
686,Sao Joao Da Barra,BR,-21.6403,-41.0511,80.69,72,0,15.9,clear sky
687,Hualmay,PE,-11.0964,-77.6139,65.89,74,81,8.9,broken clouds
688,Merauke,ID,-8.4667,140.3333,75.34,91,48,12.12,scattered clouds
689,Guisa,CU,20.255,-76.5386,86.5,63,83,7.85,broken clouds
